Ingredient,Quantity
Oil,10000
Onion,10000
Corn Tortillas,10000
Eggs,10000
Salt,10000
Tomato Sauce,10000
Montery Jack Cheese,10000
Olive Oil,10000
Ground Beef,10000
Flour Tortillas,10000
Taco Shells,10000
Cheese,10000
Boneless Chicken Breast,10000
Cheddar Cheese,10000
Oregano,10000
Pepper,10000
Garlic,10000
Fajita Seasoning,10000
Bell Peppers,10000
Bacon ,10000
Red Pepper Flakes,10000
Bacon,10000
Dry Yeast,10000
Bread Flour,10000
Red Onion,10000
Fresh Mozzarella Cheese,10000
Spaghetti,10000
Breadcrumbs,10000
Egg,10000
Fettuccini,10000
Butter,10000
Cream,10000
Romano Cheese,10000
Parmesan Cheese,10000
All Purpose Flour,10000
Bread,10000
Turkey Breast Roast,10000
Baby Spinach,10000
Mayonnaise,10000
Barbecue Sauce,10000
Bacon Strips,10000
Steak Seasoning,10000
Hamburger Buns,10000
Lettuce Leaves,10000
Beef Cube Steaks,10000
Baking Powder,10000
Baking Soda,10000
Soy Sauce,10000
Sesame Oil,10000
Chicken Broth,10000
Sugar,10000
Noodles,10000
Vegetable Oil,10000
Mixed Veggies,10000
Asian Chile Paste,10000
Chickpeas,10000
Flour,10000
Cumin,10000
Caradamom,10000
Yogurt,10000
Tahini,10000
Pine Nuts,10000
Spinach,10000
Sushi Rice,10000
Rice Vinegar,10000
Sesame Seeds,10000
Bamboo Sushi Mat,10000
Crabmeat,10000
Tuna,10000
Chives,10000
Sweet Potato,10000
Mushroom,10000
Mirin,10000
Cabbage,10000
Pork Chops,10000
Shrimp,10000
Lemongrass,10000
Red Chilli Paste,10000
Fish Sauce,10000
Lime Juice,10000
Curry Powder,10000
Coconut Milk,10000
Chicken,10000
Oyster Sauce,10000
Ginger Garlic Paste,10000
Chili Powder,10000
Garam Masala,10000
Lemon,10000
Cilantro,10000
Tumeric Powder,10000
Potato,10000
Cauliflower,10000
